%frameid,time(us),x(mm),y(mm),z(mm) 
38332,282578517,36.0177,-263.779,305.784,1
38333,282590831,36.0238,-263.755,305.782,1
38334,282603148,36.0253,-263.745,305.793,1
38335,282615444,36.0176,-263.758,305.857,1
38336,282627699,36.0287,-263.695,305.844,1
38337,282640019,36.0315,-263.658,305.834,1
38338,282652295,36.0365,-263.651,305.84,1
38339,282664617,36.0357,-263.651,305.843,1
38340,282676880,36.0357,-263.65,305.842,1
38341,282689211,36.0033,-263.641,305.813,1
38342,282701504,35.9274,-263.554,305.691,1
38343,282713798,35.8632,-263.461,305.583,1
38344,282726095,35.9215,-263.107,305.245,1
38345,282738389,35.9495,-262.993,305.204,1
38346,282750698,35.9667,-262.929,305.189,1
38347,282762980,36.0129,-262.773,305.059,1
38348,282775297,36.0567,-262.569,304.882,1
38349,282787583,36.0863,-262.286,304.599,1
38350,282799875,36.2125,-261.928,304.542,1
38351,282812136,36.1918,-260.957,304.458,1
38352,282824537,35.7566,-259.583,304.114,1
38353,282836755,34.6666,-256.83,304.073,1
38354,282849065,32.1213,-250.958,302.681,1
38355,282861355,29.3136,-245.189,302.158,1
38356,282873650,25.3392,-237.601,301.559,1
38357,282886009,20.9368,-228.527,300.985,1
38358,282898327,15.8175,-217.383,299.835,1
38359,282910548,9.91596,-203.856,298.558,1
38360,282922856,4.1132,-188.459,297.28,1
38361,282935173,-1.76555,-171.784,296.1,1
38362,282947501,-8.14776,-152.786,293.302,1
38363,282959771,-15.1127,-131.593,293.187,1
38364,282972061,-21.8833,-107.984,291.213,1
38365,282984336,-28.8411,-82.1843,288.538,2
38366,282996629,-34.5917,-54.4763,284.959,2
38367,283008934,-39.3339,-26.1822,280.735,2
38368,283021227,-43.0591,1.36229,277.613,2
38369,283033536,-44.3346,29.034,272.61,2
38370,283045854,-43.9287,54.9529,267.215,2
38371,283058110,-43.693,79.4072,263.183,2
38372,283070430,-42.148,101.447,257.935,2
38373,283107314,-37.8317,143.333,242.161,2
38374,283119611,-38.5458,147.562,241.54,2
38375,283131923,-39.3668,148.999,241.746,2
38376,283144192,-40.6904,149.343,242.345,2
38377,283156540,-43.3843,149.147,244.3,2
38378,283168791,-46.7388,147.006,247.656,2
38379,283181143,-49.7947,142.79,251.316,2
38380,283193424,-52.2602,137.302,255.128,2
38381,283205713,-53.8408,130.268,258.525,2
38382,283218028,-54.8107,121.598,261.603,2
38383,283230351,-55.3359,112.348,265.067,2
38384,283242587,-55.4738,101.002,268.195,2
38385,283254920,-56.6859,88.3532,271.719,2
38386,283267185,-56.7928,74.1646,275.507,2
38387,283279482,-57.116,58.6212,278.762,2
38388,283291762,-57.4825,40.4411,282.05,2
38389,283304071,-57.1187,21.3044,285.885,2
38390,283316357,-56.4287,-1.014,289.122,2
38391,283328711,-55.4325,-24.3075,292.571,2
38392,283341011,-54.9747,-46.2203,296.932,2
38393,283353282,-52.9106,-67.1533,302.494,3
38394,283365602,-51.4588,-89.0899,306.987,3
38395,283377925,-42.7425,-130.226,309.262,3
38396,283390214,-40.9218,-159.84,310.043,3
38397,283402483,-38.6914,-183.736,311.304,3
38398,283414776,-37.0843,-202.118,312.023,3
38399,283427105,-34.5283,-215.073,311.961,3
38400,283439396,-32.7455,-221.37,310.38,3
38401,283451664,-31.464,-222.702,306.937,3
38402,283464000,-28.799,-219.378,301.868,3
38403,283476248,-26.7104,-214.333,297.652,3
38404,283488562,-24.4774,-208.317,294.379,3
38405,283500881,-23.2134,-201.095,291.079,3
38406,283513138,-22.9511,-193.224,288.264,3
38407,283525443,-23.5519,-186.109,286.969,3
38408,283537775,-24.5515,-180.071,287.252,3
38409,283550056,-26.7173,-172.274,286.412,3
38410,283562369,-28.8928,-165.577,288.062,3
38411,283574665,-31.3803,-158.118,290.286,3
38412,283586978,-33.5827,-148.181,292.039,3
38413,283599245,-35.8894,-137.035,294.175,3
38414,283611550,-37.7954,-124.543,296.919,3
38415,283623884,-39.6024,-108.467,297.616,3
38416,283636117,-41.3215,-89.9675,298.233,3
38417,283648435,-43.0793,-68.3828,295.649,3
38418,283660726,-43.8915,-43.8532,292.102,3
38419,283673000,-44.9956,-18.2956,288.233,3
38420,283685365,-44.6388,9.57913,283.194,3
38421,283697613,-43.6575,36.3614,277.097,3
38422,283709940,-43.0202,62.5936,270.342,3
38423,283722213,-41.447,85.1718,261.582,3
38424,283734532,-40.9599,105.758,252.907,3
38425,283746793,-41.5662,123.013,245.028,3
38426,283759108,-42.5163,135.398,238.725,4
38427,283771424,-43.8097,144.266,234.255,4
38428,283783714,-45.9983,149.824,231.442,4
38429,283795997,-49.2244,153.264,230.203,4
38430,283808287,-51.6975,154.428,230.519,4
38431,283820640,-54.4998,154.737,231.2,4
38432,283832914,-57.9292,153.417,232.96,4
38433,283845187,-60.7737,151.396,235.458,4
38434,283857498,-63.6234,148.745,239.101,4
38435,283869792,-65.6657,146.134,242.656,4
38436,283882133,-66.7083,142.849,245.935,4
38437,283894414,-67.1696,138.859,249.08,4
38438,283906705,-67.0208,134.441,252.93,4
38439,283919025,-66.264,130.247,255.44,4
38440,283931277,-65.0312,124.996,258.747,4
38441,283943716,-63.5537,118.833,261.751,4
38442,283955924,-62.1269,112.148,264.272,4
38443,283968163,-60.7396,103.844,266.877,4
38444,283980483,-59.0555,94.8168,269.808,4
38445,284005104,-58.8172,72.1611,277.57,4
38446,284017380,-60.1766,58.8228,280.531,4
38447,284029683,-61.3311,41.6498,284.745,4
38448,284041990,-63.2195,21.1258,288.125,4
38449,284054298,-59.9555,-8.50293,293.604,4
38450,284066556,-58.4051,-36.1336,297.884,4
38451,284078903,-62.28,-57.758,298.6,4
38452,284091181,-66.1845,-68.9241,302.205,4
38453,284103480,-61.0697,-104.739,303.262,4
38454,284115752,-60.1166,-131.764,307.754,4
38455,284128079,-58.9956,-153.065,310.533,4
38456,284140353,-56.9658,-170.75,313.314,4
38457,284152643,-55.0419,-188.432,313.573,4
38458,284164965,-53.714,-198.995,312.904,5
38459,284177274,-52.5083,-204.231,312.382,5
38460,284189582,-47.5058,-207.546,309.2,5
38461,284201854,-41.1339,-208.462,304.581,5
38462,284214176,-36.9039,-207.967,300.582,5
38463,284226445,-30.9372,-205.506,296.169,5
38464,284238749,-27.2562,-201.969,293.546,5
38465,284263322,-23.8033,-196.578,289.121,5
38466,284275649,-23.8336,-195.964,286.683,5
38467,284287955,-25.9644,-196.439,285.727,5
38468,284300233,-27.5484,-196.873,285.324,5
38469,284312524,-29.7134,-197.489,286.095,5
38470,284324848,-30.9412,-197.81,286.582,5
38471,284337170,-32.154,-197.937,287.239,5
38472,284349456,-32.4445,-197.184,287.614,5
38473,284361752,-34.0098,-194.558,288.657,5
38474,284374050,-35.8706,-189.066,289.883,5
38475,284386337,-36.0887,-181.981,290.795,5
38476,284398647,-36.2114,-171.241,289.363,5
38477,284410965,-35.7166,-158.194,287.329,5
38478,284423223,-35.9677,-142.953,285.803,5
38479,284435525,-39.064,-125.41,287.097,5
38480,284447802,-41.8596,-102.431,285.389,5
38481,284460098,-44.4515,-75.1817,280.714,5
38482,284472450,-47.2932,-44.0175,274.819,5
38483,284484706,-49.3609,-12.3063,268.265,5
38484,284496981,-50.6371,20.3907,260.321,5
38485,284521607,-51.951,80.2322,242.201,5
38486,284533871,-54.1581,98.1912,236.725,5
38487,284546187,-56.3781,111.616,232.526,5
38488,284558778,-59.2247,120.781,229.998,5
38489,284570769,-62.8312,125.933,229.737,5
38490,284583073,-66.8732,128.834,231.399,6
38491,284595355,-71.0435,129.086,234.907,6
38492,284607706,-74.1696,128.467,238.734,6
38493,284619978,-76.0548,126.807,241.724,6
38494,284632255,-76.3921,125.152,243.368,6
38495,284669167,-69.8378,122.951,246.78,6
38496,284681504,-67.2804,122.606,247.472,6
38497,284693783,-62.9604,122.013,248.563,6
38498,284706052,-58.6938,121.04,249.27,6
38499,284718364,-55.1591,119.189,250.665,6
38500,284730637,-52.452,116.597,251.751,6
38501,284742968,-50.3349,111.861,253.207,6
38502,284755246,-49.0895,104.91,255.203,6
38503,284767536,-48.9015,96.3163,257.191,6
38504,284779832,-49.5014,85.1314,259.46,6
38505,284792164,-50.6185,72.6388,262.187,6
38506,284804436,-53.8614,57.7464,265.123,6
38507,284816746,-56.632,40.0109,268.075,6
38508,284829055,-60.1214,20.2295,271.828,6
38509,284841353,-63.2901,-1.6727,275.723,6
38510,284853699,-65.9551,-24.6463,280.158,6
38511,284866341,-67.8137,-46.7691,284.941,6
38512,284878278,-62.8435,-89.7353,289.228,6
38513,284890521,-64.2852,-119.289,292.795,6
38514,284902830,-64.7392,-146.526,297.853,6
38515,284915136,-63.2724,-171.298,299.941,6
38516,284927415,-58.1434,-192.344,301.932,6
38517,284939743,-55.8472,-210.141,303.157,6
38518,284952035,-52.0278,-218.062,303.794,6
38519,284964359,-46.9324,-221.509,302.501,7
38520,284976667,-43.2223,-221.21,299.645,7
38521,284988929,-38.8255,-218.845,297.7,7
38522,285001225,-35.2516,-213.866,296.542,7
38523,285013569,-31.8149,-210.223,294.599,7
38524,285025820,-29.5986,-206.167,293.863,7
38525,285038169,-28.3854,-203.796,293.837,7
38526,285050397,-27.9942,-200.889,294.234,7
38527,285062715,-28.253,-199.327,295.054,7
38528,285074990,-28.693,-198.4,295.956,7
38529,285087303,-29.5209,-197.631,297.152,7
38530,285099597,-30.3348,-196.85,297.921,7
38531,285111905,-31.2496,-195.787,298.67,7
38532,285124229,-33.3442,-191.082,299.09,7
38533,285136472,-35.2071,-183.617,298.66,7
38534,285148835,-36.8513,-174.773,297.811,7
38535,285161097,-38.4179,-163.636,296.079,7
38536,285173537,-40.3739,-150.389,295.056,7
38537,285185679,-42.8891,-135.829,295.337,7
38538,285210315,-49.9738,-90.1278,290.77,7
38539,285222579,-53.9847,-68.2973,285.803,7
38540,285234891,-57.7226,-41.0323,279.252,7
38541,285247206,-60.7384,-12.3171,272.602,7
38542,285259450,-63.1978,16.8457,265.548,7
38543,285271821,-64.9868,44.5901,258.271,7
38544,285284070,-65.9819,68.7636,250.321,7
38545,285296363,-66.7112,88.3279,243.329,7
38546,285308659,-68.0491,102.801,238.277,7
38547,285320956,-69.257,113.924,234.387,8
38548,285333241,-70.4013,121.143,231.644,8
38549,285345591,-71.9135,125.9,231.048,8
38550,285357827,-72.998,127.879,231.55,8
38551,285370127,-73.6099,128.34,232.301,8
38552,285382473,-74.1348,128.203,233.592,8
38553,285394739,-74.9343,127.122,236.039,8
38554,285407037,-75.1124,125.475,238.875,8
38555,285419326,-74.8315,123.689,240.996,8
38556,285431649,-74.0065,121.844,243.151,8
38557,285443930,-72.5066,119.4,244.647,8
38558,285456257,-70.264,116.747,245.601,8
38559,285468556,-67.776,113.814,246.49,8
38560,285480909,-64.7263,110.449,247.631,8
38561,285493161,-61.7017,105.731,248.412,8
38562,285505440,-59.3567,99.8059,250.098,8
38563,285517750,-57.3205,92.2576,252.277,8
38564,285530016,-56.5059,82.9037,254.865,8
38565,285554647,-51.8055,50.0867,270.305,8
38566,285566929,-54.7249,35.6267,274.182,8
38567,285579198,-53.8457,12.2147,281.194,8
38568,285591500,-58.5162,-9.04187,286.776,8
38569,285603807,-62.1154,-30.2328,293.119,8
38570,285616097,-65.721,-52.8038,299.733,8
38571,285628419,-67.7391,-73.4863,307.631,8
38572,285640746,-63.7216,-115.914,309.885,8
38573,285653011,-63.1773,-149.878,317.405,8
38574,285665343,-62.3565,-178.173,320.536,8
38575,285677625,-60.2004,-203.391,320.618,8
38576,285689996,-58.9354,-221.937,319.747,9
38577,285702254,-58.2755,-232.18,317.968,9
38578,285726838,-54.4604,-230.562,317.118,9
38579,285739092,-49.9659,-229.245,312.168,9
38580,285751372,-44.1692,-225.465,307.437,9
38581,285763716,-40.0347,-219.931,302.679,9
38582,285776005,-37.3092,-214.145,299.177,9
38583,285788708,-35.6361,-209.22,297.644,9
38584,285812918,-36.5994,-206.259,297.85,9
38585,285825208,-37.3465,-206.297,298.386,9
38586,285837467,-39.1536,-206.567,299.748,9
38587,285849768,-41.148,-206.962,300.737,9
38588,285862073,-42.6311,-207.586,301.863,9
38589,285874396,-43.6687,-207.163,302.735,9
38590,285886680,-45.0368,-204.789,303.64,9
38591,285898981,-47.1074,-199.472,304.766,9
38592,285911272,-49.2624,-192.152,306.066,9
38593,285923542,-50.6364,-180.216,304.24,9
38594,285935898,-52.3716,-167.136,303.417,9
38595,285948219,-55.3083,-150.881,300.763,9
38596,285960466,-58.7119,-133.26,299.25,9
38597,285985076,-66.5991,-81.6713,292.966,9
38598,285997398,-70.8171,-57.6557,289.389,9
38599,286009649,-74.0778,-30.1138,282.582,9
38600,286021949,-76.606,0.0225168,274.251,9
38601,286034256,-77.5616,28.0196,264.464,9
38602,286046539,-77.7274,53.7518,254.474,10
38603,286058840,-77.0906,75.34,244.683,10
38604,286071155,-76.5887,93.32,236.061,10
38605,286083451,-76.5745,107.631,228.703,10
38606,286095725,-76.7741,118.05,223.813,10
38607,286108036,-77.1307,124.469,220.448,10
38608,286120336,-77.483,127.496,218.882,10
38609,286132624,-77.7838,128.73,218.46,10
38610,286144939,-78.1049,129.16,218.409,10
38611,286157227,-78.4405,129.076,218.839,10
38612,286169519,-78.7732,128.415,219.755,10
38613,286181844,-78.5945,126.434,220.937,10
38614,286194101,-77.8951,123.858,222.768,10
38615,286231036,-71.7811,113.254,229.429,10
38616,286243318,-69.59,108.235,231.215,10
38617,286255645,-67.0898,101.17,233.702,10
38618,286267947,-65.1152,92.7447,236.819,10
38619,286280277,-63.9517,82.746,241.025,10
38620,286292498,-63.3498,70.566,246.159,10
38621,286304772,-62.8916,57.3433,251.625,10
38622,286317110,-63.7213,41.1614,258.043,10
38623,286329419,-64.616,23.4102,265.152,10
38624,286341733,-65.3895,2.77024,272.843,10
38625,286354028,-65.6811,-19.503,281.067,10
38626,286366304,-59.0392,-59.3313,290.629,10
38627,286378607,-58.9692,-86.5711,298.908,10
38628,286390900,-57.7268,-111.75,305.184,10
38629,286403192,-55.4295,-137.423,312.894,10
38630,286415488,-53.2037,-164.499,316.735,10
38631,286427791,-50.8382,-191.991,318.24,11
38632,286440086,-50.9477,-214.337,317.909,11
38633,286452358,-51.7165,-228.587,318.051,11
38634,286464667,-52.3932,-235.896,315.639,11
38635,286477000,-51.5901,-238.792,311.98,11
38636,286501574,-47.0517,-228.675,300.431,11
38637,286513859,-43.8829,-224.225,295.836,11
38638,286526144,-40.8386,-220.231,291.643,11
38639,286538461,-38.5055,-214.024,288.302,11
38640,286550743,-37.4608,-209.535,287.296,11
38641,286563077,-36.6469,-206.018,286.793,11
38642,286575355,-36.5441,-204.435,287.259,11
38643,286587680,-36.7615,-202.169,288.156,11
38644,286599942,-37.5502,-199.138,289.413,11
38645,286612335,-38.3753,-197.688,291.805,11
38646,286624535,-39.4315,-194.276,293.407,11
38647,286636838,-41.1302,-188.45,295.078,11
38648,286649156,-42.7235,-180.158,297.661,11
38649,286661468,-43.9685,-168.365,297.5,11
38650,286673730,-46.112,-153.675,299.699,11
38651,286686043,-47.5173,-134.722,300.934,11
38652,286698339,-49.1835,-112.49,300.129,11
38653,286710698,-50.8762,-85.9878,297.358,11
38654,286722933,-52.4806,-57.9748,291.722,11
38655,286735233,-52.8598,-28.3854,284.379,11
38656,286747546,-52.9089,0.860799,275.34,11
38657,286759863,-51.2333,27.7495,263.832,11
38658,286772108,-48.9255,50.4802,251.76,12
38659,286784447,-46.6317,69.9597,241.091,12
38660,286796724,-44.6352,84.8758,232.159,12
38661,286808989,-43.5784,96.9108,226.413,12
38662,286821320,-42.4478,105.181,221.708,12
38663,286845921,-40.892,110.088,217.373,12
38664,286858191,-40.766,110.152,216.822,12
38665,286870540,-40.6797,109.739,216.538,12
38666,286882801,-40.5284,107.848,216.246,12
38667,286895119,-40.3768,103.752,216.002,12
38668,286907420,-39.9634,98.434,216.435,12
38669,286919714,-39.3173,92.3746,217.347,12
38670,286932050,-38.6087,86.3683,218.828,12
38671,286944296,-37.6231,80.4152,220.399,12
38672,286956628,-36.1825,73.6677,222.402,12
38673,286968894,-34.6924,66.06,225.037,12
38674,286981175,-33.1164,57.8389,227.998,12
38675,286993514,-31.6609,48.5394,231.866,12
38676,287005809,-30.4465,38.8262,236.204,12
38677,287018067,-29.2174,28.7492,241.414,12
38678,287030389,-28.4211,17.1465,246.345,12
38679,287042708,-27.9567,4.48852,252.086,12
38680,287055014,-28.574,-9.53834,258.109,12
38681,287067261,-28.9616,-25.0152,264.539,12
38682,287079566,-29.8582,-41.7011,270.553,12
38683,287091883,-31.0944,-61.5847,276.916,12
38684,287104208,-31.6607,-82.4206,283.322,12
38685,287116484,-33.3638,-101.804,287.83,12
38686,287128741,-35.1147,-121.058,292.162,12
38687,287141102,-36.0839,-141.565,296.801,12
38688,287153335,-36.8396,-165.604,299.321,13
38689,287165647,-35.6411,-189.922,300.73,13
38690,287177993,-33.8694,-211.981,301.579,13
38691,287190245,-34.597,-231.053,301.782,13
38692,287202545,-35.3956,-246.102,300.801,13
38693,287214865,-36.4242,-254.312,300.456,13
38694,287227175,-36.1766,-259.223,300.133,13
38695,287239534,-35.1968,-260.487,299.139,13
38696,287251743,-33.5581,-258.626,296.146,13
38697,287264077,-31.0135,-254.339,291.164,13
38698,287276392,-28.1786,-248.805,287.214,13
38699,287288629,-26.6554,-243.445,284.393,13
38700,287300940,-25.0203,-237.585,282.078,13
38701,287313220,-24.7599,-231.816,280.721,13
38702,287325555,-25.4062,-226.514,281.084,13
38703,287337860,-26.6253,-221.994,282.605,13
38704,287350157,-28.9841,-216.615,283.853,13
38705,287362437,-31.1046,-211.257,285.774,13
38706,287374750,-33.7969,-204.913,287.524,13
38707,287387049,-36.8578,-197.191,290.798,13
38708,287399330,-39.9381,-188.472,294.149,13
38709,287411640,-43.3466,-178.623,295.986,13
38710,287423967,-46.4883,-165.278,295.627,13
38711,287436241,-50.847,-148.842,296.004,13
38712,287448532,-55.3321,-129.952,296.111,13
38713,287460813,-59.1761,-106.42,295.486,13
38714,287473128,-63.0957,-80.7147,293.513,13
38715,287485442,-66.1945,-51.7834,288.494,13
38716,287497738,-68.2719,-22.9822,280.467,13
38717,287510061,-68.9219,5.10429,270.651,14
38718,287522313,-68.8392,30.0279,260.486,14
38719,287534601,-68.8393,51.7845,252.016,14
38720,287546935,-68.8643,70.1199,244.411,14
38721,287559238,-69.4395,83.9987,238.571,14
38722,287571499,-69.8977,93.8613,233.903,14
38723,287583808,-70.7294,100.739,230.6,14
38724,287596130,-71.1611,104.077,228.843,14
38725,287608372,-71.5978,104.791,228.416,14
38726,287620661,-71.7243,104.71,228.422,14
38727,287633017,-72.2489,103.113,229.162,14
38728,287645328,-73.3325,99.5956,231.505,14
38729,287657604,-74.044,94.6929,234.184,14
38730,287669888,-74.5318,89.5437,237.395,14
38731,287682183,-74.2984,83.5042,240.027,14
38732,287694487,-73.7,76.35,242.964,14
38733,287706841,-72.8776,68.2112,245.706,14
38734,287719073,-71.6239,59.555,248.659,14
38735,287731365,-70.9653,52.0308,252.087,14
38736,287743679,-70.4952,41.8416,255.991,14
38737,287755966,-68.8209,30.0066,260.249,14
38738,287792871,-58.9838,-32.9143,275.162,14
38739,287805181,-58.9598,-44.2715,278.125,14
38740,287817451,-59.6407,-60.9708,279.718,14
38741,287829764,-53.0902,-88.1125,284.023,14
38742,287842094,-52.4499,-107.527,285.072,14
38743,287854379,-53.0898,-128.207,287.936,14
38744,287866658,-52.2728,-150.434,290.468,14
38745,287878981,-47.9191,-181.682,290.781,14
38746,287891274,-44.75,-205.717,290.189,15
38747,287903552,-42.5083,-224.831,288.67,15
38748,287915845,-41.4687,-240.593,288.196,15
38749,287928177,-39.5992,-249.463,287.713,15
38750,287940428,-37.4478,-254.576,287.307,15
38751,287952760,-34.9439,-254.323,285.575,15
38752,287965084,-31.4761,-251.461,281.897,15
38753,287977327,-27.9901,-246.476,278.195,15
38754,287989672,-25.864,-242.009,275.027,15
38755,288001933,-24.071,-236.349,271.86,15
38756,288014230,-23.2775,-231.239,270.088,15
38757,288026534,-23.4823,-227.432,270.046,15
38758,288038834,-24.1938,-224.599,270.425,15
38759,288051127,-25.2847,-223.002,271.697,15
38760,288063439,-26.837,-221.878,273.041,15
38761,288075726,-29.1004,-219.84,275.001,15
38762,288088014,-31.1122,-217.028,277.561,15
38763,288100314,-33.2021,-215.252,280.031,15
38764,288112635,-35.2731,-211.256,281.662,15
38765,288124949,-37.0017,-204.861,284.091,15
38766,288137205,-38.2107,-197.607,286.141,15
38767,288149510,-39.6926,-188.952,286.227,15
38768,288161834,-40.7906,-177.809,285.833,15
38769,288174126,-42.205,-164.806,285.015,15
38770,288186435,-44.9109,-148.649,284.665,15
38771,288198751,-47.16,-129.086,282.812,15
38772,288211019,-49.2727,-107.503,282.094,15
38773,288223326,-51.0051,-83.8624,280.643,15
38774,288235584,-52.9872,-56.6829,275.746,15
38775,288247909,-54.854,-26.8541,269.723,15
38776,288260198,-55.645,2.2034,262.862,16
38777,288272486,-55.6142,30.7775,254.302,16
38778,288284801,-55.0732,56.5542,245.305,16
38779,288297077,-54.1613,79.1179,235.35,16
38780,288309409,-53.6053,97.9797,226.424,16
38781,288321700,-53.2325,111.761,218.463,16
38782,288333987,-53.3865,121.514,212.132,16
38783,288346289,-53.4508,126.941,207.304,16
38784,288358568,-54.4308,130.562,204.503,16
38785,288370891,-55.5359,131.7,203.73,16
38786,288383178,-56.8852,131.746,203.824,16
38787,288395491,-58.8327,130.666,204.919,16
38788,288407744,-61.5223,128.659,207.448,16
38789,288420080,-63.7063,124.792,210.944,16
38790,288432390,-65.15,119.523,214.458,16
38791,288444649,-65.7262,113.186,217.979,16
38792,288456945,-65.9241,106.383,222.049,16
38793,288469249,-65.7325,98.7998,226.178,16
38794,288481557,-65.3635,90.8191,230.807,16
38795,288493867,-65.0434,82.8379,235.261,16
38796,288506146,-64.2169,73.9569,239.927,16
38797,288518453,-63.2782,63.8812,244.895,16
38798,288530752,-62.4358,53.9767,250.087,16
38799,288543047,-62.0569,43.8927,255.459,16
38800,288555539,-61.8228,31.2286,260.768,16
38801,288567645,-61.2499,17.6836,266.122,16
38802,288579953,-60.1806,3.05372,271.282,16
38803,288592241,-59.273,-13.2772,276.614,16
38804,288604556,-58.8948,-30.417,281.745,16
38805,288616827,-58.3371,-49.343,286.349,16
38806,288629157,-57.8468,-69.907,290.14,16
38807,288641434,-57.167,-92.0459,294.708,16
38808,288653729,-56.6864,-115.726,300.372,17
38809,288666015,-56.9336,-143.49,303.65,17
38810,288678322,-54.6485,-169.993,306.785,17
38811,288690598,-52.5856,-195.759,307.872,17
38812,288702919,-50.1564,-216.925,308.474,17
38813,288715241,-46.7499,-233.941,307.488,17
38814,288727495,-44.6588,-242.016,305.478,17
38815,288739805,-41.1656,-245.782,302.068,17
38816,288752091,-36.1474,-246.18,297.759,17
38817,288764398,-31.1996,-242.282,292.319,17
38818,288776716,-26.5268,-237.203,286.554,17
38819,288789009,-23.0874,-232.282,282.481,17
38820,288801303,-21.3601,-226.15,277.331,17
38821,288813637,-20.6133,-223.023,275.473,17
38822,288825907,-21.2722,-221.9,275.23,17
38823,288838204,-22.7141,-221.177,275.635,17
38824,288850486,-25.0773,-220.836,276.794,17
38825,288867938,-29.1762,-221.144,279.492,17
38826,288875075,-30.8105,-221.13,280.685,17
38827,288887377,-34.1294,-221.953,284.624,17
38828,288899682,-36.0627,-223.915,288.294,17
38829,288911990,-38.3254,-221.668,290.643,17
38830,288924280,-40.5362,-216.354,292.736,17
38831,288936574,-43.2132,-207.808,295.188,17
38832,288948902,-45.1265,-198.372,297.42,17
38833,288961594,-48.4174,-186.527,299.83,17
38834,288973484,-50.6308,-170.341,299.697,17
38835,288985778,-54.7083,-151.944,300.247,17
38836,288998079,-59.2807,-129.863,301.197,17
38837,289010376,-63.532,-104.322,299.056,17
38838,289022677,-67.8851,-76.4554,297.71,18
38839,289034970,-71.638,-47.1456,293.322,18
38840,289047265,-74.9232,-16.5193,287.883,18
38841,289059549,-76.9544,11.8707,281.269,18
38842,289071856,-78.2599,38.0656,274.374,18
38843,289084157,-79.4863,62.3651,267.569,18
38844,289096450,-80.3482,82.0854,261.464,18
38845,289108763,-81.0603,96.3184,256.666,18
38846,289121074,-81.9895,106.194,252.692,18
38847,289133345,-83.2587,112.596,249.342,18
38848,289145660,-84.6263,115.235,247.665,18
38849,289157940,-85.7478,115.995,247.164,18
38850,289170232,-86.5849,115.54,247.333,18
38851,289182546,-87.9142,114.244,248.199,18
38852,289194833,-89.2729,111.805,249.777,18
38853,289207170,-89.9666,108.55,251.75,18
38854,289219440,-89.9155,105.259,253.324,18
38855,289231731,-89.1131,101.855,254.755,18
38856,289256358,-85.9157,94.8268,256.347,18
38857,289268717,-84.0852,91.1179,257.37,18
38858,289280939,-81.5953,85.5355,258.89,18
38859,289293207,-79.2148,79.6295,260.085,18
38860,289305518,-77.1559,71.7034,262.62,18
38861,289317813,-75.3735,61.9188,265.433,18
38862,289354728,-69.3262,10.6366,282.22,18
38863,289367015,-72.0202,0.165101,285.188,18
38864,289379305,-73.0842,-15.8617,291.634,18
38865,289391638,-73.2413,-37.5176,297.59,18
38866,289403900,-73.4933,-61.1953,304.309,18
38867,289416191,-64.4987,-103.585,306.139,18
38868,289428485,-60.583,-134.125,309.536,19
38869,289440820,-59.0269,-162.617,311.172,19
38870,289453104,-56.2086,-189.282,313.352,19
38871,289465426,-53.238,-214.588,313.311,19
38872,289477717,-50.1559,-235.811,310.09,19
38873,289490018,-47.8804,-247.232,308.782,19
38874,289502314,-43.1771,-255.097,304.375,19
38875,289514586,-38.9594,-255.518,298.831,19
38876,289526891,-34.7223,-251.524,292.786,19
38877,289539197,-31.0414,-245.165,287.081,19
38878,289551484,-27.8588,-237.04,281.844,19
38879,289563850,-24.8506,-227.77,277.882,19
38880,289576148,-23.238,-221.154,275.181,19
38881,289588388,-22.2083,-216.369,274.356,19
38882,289600690,-22.0321,-214.493,274.154,19
38883,289612992,-22.3817,-213.86,274.65,19
38884,289625300,-23.4494,-213.558,275.889,19
38885,289637549,-25.3827,-213.37,278.36,19
38886,289649855,-27.2952,-213.677,280.956,19
38887,289662162,-29.0231,-214.319,283.518,19
38888,289674472,-30.7146,-211.156,285.216,19
38889,289686767,-32.5238,-206.931,288.42,19
38890,289699047,-34.4474,-200.292,290.387,19
38891,289711377,-36.3841,-190.944,291.108,19
38892,289723684,-38.7099,-180.312,292.394,19
38893,289735921,-41.7559,-165.429,292.23,19
38894,289748265,-45.7622,-147.91,292.381,19
38895,289760575,-49.6901,-129.253,293.386,19
38896,289772873,-53.8604,-105.448,292.64,19
38897,289785169,-58.9429,-77.7088,290.249,19
38898,289797425,-63.1776,-48.0433,285.549,20
38899,289809772,-66.19,-18.0779,278.631,20
38900,289822080,-67.9364,11.6394,269.918,20
38901,289834362,-68.9125,40.2714,260.804,20
38902,289846638,-69.6173,66.0168,251.26,20
38903,289858944,-70.7867,88.3861,242.92,20
38904,289871232,-71.4168,105.796,235.134,20
38905,289883517,-72.4889,118.159,229.384,20
38906,289895837,-73.7196,127.124,225.048,20
38907,289908117,-75.0289,132.421,221.922,20
38908,289920424,-76.507,134.604,220.033,20
38909,289932697,-77.7479,135.159,219.354,20
38910,289945041,-78.9647,134.869,219.138,20
38911,289957328,-80.7301,134.184,219.413,20
38912,289969630,-82.5531,133.263,219.802,20
38913,289981925,-84.3283,130.947,220.927,20
38914,289994281,-85.5814,127.792,222.41,20
38915,290006519,-85.8375,123.566,223.929,20
38916,290018812,-85.5121,118.544,225.694,20
38917,290031111,-84.4411,112.752,227.478,20
38918,290043413,-83.1947,106.04,230.194,20
38919,290055690,-81.9924,98.3683,233.335,20
38920,290067987,-80.7377,88.8536,237.424,20
38921,290080298,-79.6366,77.4258,241.846,20
38922,290092582,-78.6016,64.3093,246.797,20
38923,290104895,-78.5898,49.9254,253.781,20
38924,290117186,-78.8824,32.8958,260.865,20
38925,290129486,-79.3253,13.356,267.686,20
38926,290141794,-79.2047,-8.02668,275.411,20
38927,290154089,-71.641,-39.9951,284.734,20
38928,290166421,-71.344,-64.874,292.583,20
38929,290178660,-71.3691,-86.3563,301.427,20
38930,290190963,-63.4649,-129.139,301.096,20
38931,290203286,-57.2725,-167.813,304.118,20
38932,290215561,-53.7912,-196.43,305.816,21
38933,290227882,-49.6574,-222.15,307.726,21
38934,290240163,-46.622,-242.842,306.155,21
38935,290252481,-43.9796,-255.643,303.071,21
38936,290264788,-39.6245,-258.94,299.654,21
38937,290277094,-36.1005,-254.88,295.646,21
38938,290289380,-32.8775,-245.813,291.085,21
38939,290301670,-30.4969,-233.869,285.749,21
38940,290313963,-29.1863,-221.988,281.434,21
38941,290326302,-29.3254,-212.304,278.673,21
38942,290338606,-28.93,-206.051,278.477,21
38943,290350837,-29.8009,-201.385,279.069,21
38944,290375461,-34.8733,-197.272,283.451,21
38945,290387733,-38.1951,-197.922,286.115,21
38946,290400033,-41.8265,-197.719,288.963,21
38947,290412349,-44.3107,-198.689,292.54,21
38948,290424655,-46.581,-198.137,296.478,21
38949,290436970,-48.2137,-197.362,299.217,21
38950,290449240,-49.7444,-195.264,302.21,21
38951,290461543,-51.0114,-186.955,304.293,21
38952,290473862,-52.7485,-178.106,306.873,21
38953,290486179,-54.8654,-166.517,308.806,21
38954,290498528,-57.3159,-152.686,312.757,21
38955,290510732,-60.571,-135.096,315.534,21
38956,290523068,-64.3066,-111.6,314.422,21
38957,290535307,-68.4416,-85.7099,312.53,21
38958,290547687,-73.1147,-54.6327,309.382,21
38959,290559966,-76.608,-22.6905,302.879,21
38960,290572195,-78.9158,10.1147,294.705,22
38961,290584525,-80.0644,39.239,284.89,22
38962,290596852,-81.4409,66.0908,275.345,22
38963,290609099,-82.939,88.8499,266.16,22
38964,290621412,-84.6667,108.142,257.426,22
38965,290633730,-86.346,120.58,249.43,22
38966,290646021,-88.306,129.199,243.519,22
38967,290658288,-90.7051,135.448,239.614,22
38968,290670608,-93.4475,137.902,237.585,22
38969,290682926,-95.4432,138.467,236.756,22
38970,290695201,-97.8847,138.14,237.01,22
38971,290707867,-100.433,136.889,238.139,22
38972,290719792,-102.87,135.401,239.663,22
38973,290732081,-104.527,133.072,241.285,22
38974,290744420,-105.531,130.513,242.832,22
38975,290756685,-105.704,127.609,244.159,22
38976,290769013,-105.07,124.877,245.289,22
38977,290781315,-103.896,121.906,246.475,22
38978,290793604,-102.189,118.991,247.394,22
38979,290805940,-100.08,115.977,248.375,22
38980,290818181,-97.7357,112.217,249.788,22
38981,290830480,-95.0875,106.886,251.833,22
38982,290842807,-93.0049,101.158,254.531,22
38983,290855066,-90.9589,93.8766,257.531,22
38984,290867389,-89.2027,83.9334,261.697,22
38985,290879659,-88.2231,75.1142,266.088,22
38986,290916564,-78.8273,3.62502,290.354,22
38987,290928840,-82.821,-6.38889,294.903,22
38988,290941160,-78.2908,-35.4102,298.98,22
38989,290953469,-80.8031,-54.3219,304.616,22
38990,290965759,-74.9609,-91.2918,305.037,22
38991,290978050,-73.4616,-122.726,306.882,22
38992,290990357,-71.096,-152.378,310.123,22
38993,291002652,-66.9944,-179.42,309.203,23
38994,291014950,-61.2655,-202.919,306.537,23
38995,291027286,-55.8261,-220.351,303.292,23
38996,291039562,-52.2465,-228.922,301.061,23
38997,291051854,-47.0667,-233.721,295.573,23
38998,291064178,-42.4426,-233.282,290.736,23
38999,291076429,-37.5831,-229.631,284.736,23
39000,291088725,-33.8477,-223.544,279.928,23
39001,291101067,-30.8033,-217.258,276.073,23
39002,291113325,-28.1468,-212.063,272.58,23
39003,291125630,-26.9274,-209.679,271.681,23
39004,291150248,-27.7608,-208.272,272.94,23
39005,291162532,-28.5937,-207.318,273.912,23
39006,291174833,-30.5025,-206.98,276.916,23
39007,291187128,-32.4635,-207.211,280.126,23
39008,291199438,-34.9128,-206.861,283.438,23
39009,291211751,-36.9148,-204.68,285.724,23
39010,291224044,-39.4312,-201.076,288.337,23
39011,291236340,-42.2163,-195.84,292.164,23
39012,291248594,-44.5518,-189.106,294.24,23
39013,291260915,-47.4052,-179.514,294.823,23
39014,291273201,-51.8673,-166.557,297.353,23
39015,291285512,-56.1521,-151.503,298.754,23
39016,291297807,-60.7893,-133.767,300.206,23
39017,291310101,-66.4206,-112.147,301.526,23
39018,291322435,-72.5615,-86.701,301.651,23
39019,291334680,-78.1809,-56.9796,298.101,23
39020,291346987,-83.1181,-24.3676,293.456,23
39021,291359317,-86.4115,7.08191,285.967,24
39022,291371614,-89.0332,36.7151,278.516,24
39023,291383886,-90.6166,64.4858,270.081,24
39024,291408495,-93.6135,107.464,252.595,24
39025,291420763,-95.8061,120.54,248.345,24
39026,291433080,-97.7176,130.608,244.608,24
39027,291445415,-99.563,137.025,242.183,24
39028,291457688,-101.093,140.676,241.822,24
39029,291469971,-102.364,142.236,242.51,24
39030,291482287,-103.274,142.55,242.955,24
39031,291494578,-104.311,141.948,244.318,24
39032,291506856,-105.518,140.792,246.184,24
39033,291519153,-106.066,138.84,248.005,24
39034,291531483,-105.905,136.153,249.689,24
39035,291543790,-104.998,132.652,251.268,24
39036,291556079,-103.388,127.572,253.177,24
39037,291568322,-101.585,121.933,254.878,24
39038,291580668,-99.5394,115.378,256.754,24
39039,291592946,-97.6771,107.792,258.936,24
39040,291605294,-95.8715,98.4418,261.859,24
39041,291617550,-94.4876,87.5717,265.337,24
39042,291629838,-93.637,74.2107,269.988,24
39043,291642154,-94.4408,60.4094,276.761,24
39044,291654432,-95.3309,43.1902,284.39,24
39045,291666733,-91.4623,14.7131,292.719,24
39046,291679084,-91.8156,-4.94318,299.645,24
39047,291691332,-86.3586,-40.0598,304.757,24
39048,291703634,-86.7306,-62.7573,313.775,24
39049,291715964,-75.1945,-105.206,315.193,24
39050,291728222,-74.3704,-138.623,316.889,24
39051,291740575,-72.4105,-169.265,323.451,24
39052,291752847,-69.3024,-193.676,327.484,24
39053,291765166,-62.9087,-215.853,325.005,25
39054,291777450,-55.8707,-234.322,318.688,25
39055,291789715,-50.8177,-245.807,313.61,25
39056,291802055,-44.9367,-248.912,309.015,25
39057,291814308,-39.5523,-245.146,304.235,25
39058,291826597,-35.3208,-239.303,302.152,25
39059,291838906,-31.174,-231.038,299.819,25
39060,291851212,-27.6107,-223.651,297.59,25
39061,291863500,-24.9946,-219.031,296.18,25
39062,291875830,-24.048,-216.515,295.942,25
39063,291888156,-23.9354,-215.598,295.946,25
39064,291900443,-24.3829,-214.984,296.09,25
39065,291912720,-25.4102,-214.981,296.707,25
39066,291925001,-26.8691,-215.732,298.229,25
39067,291937337,-28.7981,-216.53,299.612,25
39068,291949646,-30.6788,-216.457,301.369,25
39069,291961899,-32.4063,-215.663,302.666,25
39070,291974175,-34.6099,-213.25,304.482,25
39071,291986502,-36.9654,-208.08,305.825,25
39072,291998812,-39.3839,-201.14,306.472,25
39073,292011120,-41.7966,-191.195,306.63,25
39074,292023381,-45.2696,-178.293,305.785,25
39075,292035686,-50.032,-162.326,305.001,25
39076,292048027,-54.047,-145.678,303.652,25
39077,292060310,-58.8133,-125.828,302.717,25
39078,292072588,-63.7409,-101.675,300.732,25
39079,292084880,-68.1978,-74.9778,296.552,25
39080,292097179,-73.1969,-44.1389,291.157,25
39081,292109464,-76.2663,-13.6236,283.378,25
39082,292121789,-78.3935,15.1517,274.076,25
39083,292134051,-80.1248,41.1778,264.911,26
39084,292146356,-81.3556,64.3356,255.667,26
39085,292158681,-82.5285,82.9775,246.928,26
39086,292170962,-83.603,97.8572,239.588,26
39087,292183252,-84.6326,108.561,234.003,26
39088,292195574,-85.8362,116.485,229.931,26
39089,292207834,-86.1945,122.078,226.996,26
39090,292220152,-87.0605,126.012,225.048,26
39091,292232444,-87.5569,127.276,224.136,26
39092,292244758,-87.8818,127.5,223.745,26
39093,292269354,-88.6708,126.234,223.878,26
39094,292281674,-89.126,124.71,224.272,26
39095,292293926,-89.1541,122.008,225.002,26
39096,292306251,-88.9532,118.978,225.54,26
39097,292318525,-88.4356,116.217,226.378,26
39098,292330831,-87.7262,112.786,226.949,26
39099,292343158,-86.4761,108.186,228.058,26
39100,292355451,-85.2609,102.728,228.965,26
39101,292367699,-84.2434,96.2019,230.408,26
39102,292380023,-83.4078,88.3563,232.683,26
39103,292392321,-82.6268,78.7525,236.094,26
39104,292404623,-82.5519,67.9707,240.352,26
39105,292416942,-82.7278,56.1641,246.327,26
39106,292441547,-85.6172,27.892,264.856,26
39107,292478407,-73.7839,-66.212,284.368,26
39108,292490717,-75.6043,-80.4671,290.638,26
39109,292503007,-77.3792,-102.112,298.527,26
39110,292515328,-69.8331,-140.799,301.621,26
39111,292527609,-65.6306,-170.417,303.919,26
39112,292539870,-62.9876,-198.774,307.405,27
39113,292552227,-59.1107,-223.854,310.263,27
39114,292564530,-55.1816,-248.996,308.483,27
39115,292576830,-48.5369,-263.095,306.861,27
39116,292589094,-42.221,-271.077,305.114,27
39117,292601389,-37.1039,-271.84,301.231,27
39118,292613682,-31.6859,-265.586,297.559,27
39119,292625997,-26.6463,-257.083,293.562,27
39120,292638303,-23.0804,-247.179,290.615,27
39121,292650570,-19.6664,-237.994,287.351,27
39122,292662881,-17.0823,-231.227,284.634,27
39123,292675206,-16.8131,-227.338,284.28,27
39124,292687494,-17.3087,-224.936,284.168,27
39125,292699796,-18.0792,-223.867,284.666,27
39126,292712078,-19.7511,-223.788,285.823,27
39127,292724370,-22.1942,-223.01,288.112,27
39128,292736668,-24.9028,-222.52,289.862,27
39129,292748944,-27.3032,-222.039,292.036,27
39130,292761310,-29.2374,-221.52,293.938,27
39131,292773551,-31.823,-218.983,296.457,27
39132,292785842,-33.9714,-213.602,298.125,27
39133,292798146,-36.7944,-205.272,299.713,27
39134,292810435,-39.8789,-194.249,301.707,27
39135,292822777,-42.7583,-178.805,301.905,27
39136,292835063,-46.3306,-163.47,304.007,27
39137,292847348,-50.7065,-145.393,306.134,27
39138,292859682,-54.6967,-124.154,306.863,27
39139,292871973,-58.9584,-98.6338,305.093,27
39140,292884255,-63.6302,-69.6307,302.337,27
39141,292896537,-68.1099,-36.7773,297.912,27
39142,292908866,-71.457,-4.0208,291.615,27
39143,292921144,-73.7813,27.5596,283.65,27
39144,292933425,-75.5315,58.9382,274.173,27
39145,292958056,-75.5665,109.139,247.321,27
39146,292970339,-76.118,124.699,238.591,28
39147,292982602,-76.0078,137.948,229.72,28
39148,292994964,-76.0242,147.194,223.176,28
39149,293007230,-75.8802,152.433,218.886,28
39150,293019526,-76.1721,155.298,216.656,28
39151,293031817,-76.8818,156.319,216.107,28
39152,293044217,-78.0151,156.83,216.486,28
39153,293056424,-79.9778,157.363,218.546,28
39154,293068707,-82.2596,157.169,220.796,28
39155,293081046,-84.313,155.902,223.339,28
39156,293093323,-85.7546,154.565,225.631,28
39157,293105627,-86.5159,152.291,227.438,28
39158,293117883,-86.7127,148.758,229.033,28
39159,293130239,-86.155,144.244,230.322,28
39160,293142498,-85.5216,140.598,231.488,28
39161,293154819,-84.5781,136.309,232.993,28
39162,293167117,-83.1347,130.834,234.856,28
39163,293179410,-81.42,124.749,236.71,28
39164,293191684,-79.9491,116.988,239.343,28
39165,293204022,-78.5379,107.571,242.85,28
39166,293216301,-77.5972,96.7345,247.454,28
39167,293228614,-76.8133,84.4843,253.469,28
39168,293240896,-77.1031,70.2158,260.424,28
39169,293253213,-78.3863,59.7709,269.731,28
39170,293265505,-74.6308,30.3024,278.211,28
39171,293277781,-76.1814,10.5764,289.193,28
39172,293290093,-77.9856,-5.79035,302.754,28
39173,293302377,-68.4506,-52.0637,309.208,28
39174,293314659,-67.159,-88.2291,317.693,28
39175,293326979,-68.8815,-110.229,330.678,28
39176,293339306,-70.0535,-125.227,343.576,28
39177,293351589,-57.9797,-173.083,338.402,28
39178,293363877,-53.1311,-205.575,340.906,28
39179,293376191,-49.1893,-231.289,344.797,28
39180,293388514,-46.3252,-250.575,348.398,29
39181,293400766,-43.6115,-264.194,348.866,29
39182,293413082,-40.3717,-272.704,346.026,29
39183,293425378,-36.5961,-275.612,344.081,29
39184,293437671,-33.6404,-272.805,339.648,29
39185,293449958,-29.9818,-268.397,334.108,29
39186,293462267,-27.4647,-261.472,331.414,29
39187,293474540,-25.1467,-254.708,327.992,29
39188,293486845,-24.3374,-249.847,324.656,29
39189,293499135,-23.4443,-247.419,323.049,29
39190,293511470,-23.1561,-246.678,322.462,29
39191,293523796,-23.6043,-245.965,321.908,29
39192,293536059,-24.3144,-245.56,321.676,29
39193,293560710,-27.5898,-244.281,321.096,29
39194,293572928,-29.6746,-243.49,321.642,29
39195,293585219,-32.3919,-241.079,322.289,29
39196,293597528,-35.3107,-236.107,323.067,29
39197,293609828,-37.9454,-227.982,323.974,29
39198,293622124,-40.5359,-216.871,323.273,29
39199,293634426,-43.8757,-203.703,322.988,29
39200,293646736,-46.9393,-186.28,322.124,29
39201,293659040,-51.4308,-164.33,321.651,29
39202,293671313,-56.1995,-137.508,319.622,29
39203,293683625,-61.1613,-106.642,315.88,29
39204,293695928,-65.6295,-71.1162,307.313,29
39205,293708234,-69.3783,-34.2661,297.542,29
39206,293720510,-71.3989,0.556,286.869,29
39207,293732832,-72.2608,33.1793,275.618,29
39208,293745086,-72.3091,60.1661,264.556,29
39209,293757398,-72.4891,84.3708,254.924,29
39210,293769684,-72.5842,103.197,245.896,29
39211,293782071,-72.704,115.951,238.01,29
39212,293794336,-73.6261,124.27,232.587,29
39213,293806585,-75.8543,128.614,229.887,30
39214,293818884,-78.0099,130.417,228.577,30
39215,293831210,-80.3599,130.773,228.377,30
39216,293843497,-83.2982,130.825,229.101,30
39217,293855816,-85.561,130.436,229.632,30
39218,293868076,-87.1992,129.941,230.379,30
39219,293880387,-88.0374,129.618,230.773,30
39220,293892693,-88.1749,128.987,230.899,30
39221,293905000,-87.9101,128.272,231,30
39222,293917296,-87.062,127.197,230.954,30
39223,293929589,-85.5557,126.019,231.117,30
39224,293941863,-83.317,124.719,230.802,30
39225,293954197,-80.3653,122.226,230.672,30
39226,293966451,-77.6,118.507,231.252,30
39227,293978803,-75.2229,113.468,232.962,30
39228,293991082,-73.7323,107.349,235.992,30
39229,294003402,-72.7117,99.6402,239.849,30
39230,294040267,-72.4967,55.4209,263.478,30
39231,294052583,-75.3763,42.5542,268.314,30
39232,294064843,-78.6013,26.1434,275.829,30
39233,294077159,-80.9308,6.74143,284.012,30
39234,294089463,-76.0075,-25.3366,292.475,30
39235,294101739,-76.8329,-52.8617,302.179,30
39236,294114059,-74.9739,-82.4655,312.387,30
39237,294126380,-72.7383,-112.785,320.983,30
39238,294138678,-69.6361,-143.498,331.272,30
39239,294150933,-64.8194,-174.856,335.16,30
39240,294163298,-61.1495,-198.046,342.977,30
39241,294175536,-57.1137,-219.483,347.281,30
39242,294187824,-48.191,-249.964,332.797,31
39243,294200139,-44.5895,-264.096,321.919,31
39244,294212413,-39.2553,-268.051,315.272,31
39245,294224744,-33.508,-265.669,310.896,31
39246,294249348,-22.3983,-245.199,304.372,31
39247,294261617,-18.16,-234.968,301.864,31
39248,294273942,-14.8113,-227.305,298.686,31
39249,294286294,-13.3037,-219.789,297.297,31
39250,294298501,-12.7515,-212.626,296.854,31
39251,294310871,-11.6531,-206.286,297.093,31
39252,294323146,-12.0367,-200.615,297.281,31
39253,294335411,-12.7769,-196.215,297.717,31
39254,294347725,-14.595,-190.514,298.715,31
39255,294360003,-17.3288,-183.423,300.713,31
39256,294372310,-20.5166,-173.884,302.231,31
39257,294384586,-24.677,-162.826,303.196,31
39258,294396924,-30.2016,-147.724,305.644,31
39259,294409185,-35.0288,-130.618,305.896,31
39260,294421522,-40.286,-111.731,305.087,31
39261,294433791,-47.5327,-89.6127,304.35,31
39262,294446098,-53.1765,-63.4255,301.512,31
39263,294458428,-59.6874,-35.7524,297.84,31
39264,294470707,-65.9492,-4.50992,292.682,31
39265,294483000,-71.1903,26.3046,286.254,31
39266,294495303,-75.0933,55.6851,278.975,31
39267,294507569,-77.4666,84.7296,268.934,31
39268,294519921,-77.9808,109.281,256.814,31
39269,294532164,-78.1348,127.3,244.897,31
39270,294544464,-78.9042,139.762,235.127,31
39271,294556756,-80.094,147.277,226.605,32
39272,294569086,-82.1603,153.351,222.077,32
39273,294581371,-85.0725,155.941,219.714,32
39274,294593662,-88.4318,156.27,219.958,32
39275,294605946,-92.3805,155.765,221.392,32
39276,294618293,-96.7462,153.041,224.783,32
39277,294630552,-99.4215,149.764,227.306,32
39278,294642889,-101.118,146.107,229.853,32
39279,294655184,-101.363,142.624,232.102,32
39280,294667454,-100.785,139.5,234.345,32
39281,294679745,-99.9373,135.507,236.815,32
39282,294692056,-97.5258,131.704,238.378,32
39283,294704381,-94.2966,127.955,239.217,32
39284,294716639,-90.7818,123.631,240.519,32
39285,294728979,-86.9533,119.39,241.845,32
39286,294741251,-83.8116,115.592,243.402,32
39287,294765869,-78.1546,101.975,251.583,32
39288,294778141,-76.421,93.8201,255.084,32
39289,294790453,-75.5459,83.0385,260.851,32
39290,294802770,-75.3221,71.2866,267.913,32
39291,294815038,-75.3973,54.9076,274.691,32
39292,294827319,-76.8199,44.3283,283.001,32
39293,294839632,-72.871,11.5485,290.396,32
39294,294851932,-73.6983,-9.59453,297.97,32
39295,294864212,-74.8196,-32.0932,304.787,32
39296,294876514,-68.769,-67.8891,309.314,32
39297,294888824,-69.0371,-92.2133,314.764,32
39298,294901300,-64.3943,-127.921,315.204,32
39299,294913402,-63.7193,-152.713,318.392,32
39300,294925720,-61.5271,-175.483,319.534,32
39301,294938040,-58.9981,-197.878,318.776,33
39302,294950304,-56.9445,-217.466,317.526,33
39303,294962640,-55.1435,-228.676,316.823,33
39304,294974902,-53.818,-233.918,316.782,33
39305,294987223,-51.8684,-234.962,313.975,33
39306,294999510,-48.3592,-231.727,308.034,33
39307,295011802,-43.9978,-225.796,300.338,33
39308,295024076,-41.3702,-218.574,294.43,33
39309,295036404,-39.6235,-209.023,288.892,33
39310,295048676,-38.4767,-198.797,285.091,33
39311,295061010,-38.0393,-189.845,283.405,33
39312,295073268,-38.4104,-183.128,282.489,33
39313,295085599,-39.0757,-175.018,282.126,33
39314,295110220,-42.9284,-158.34,284.305,33
39315,295122489,-45.0592,-151.319,284.83,33
39316,295134776,-47.9193,-144.877,287.859,33
39317,295147061,-51.1597,-137.672,290.482,33
39318,295159380,-54.9556,-128.478,293.003,33
39319,295171662,-59.6726,-117.526,295.152,33
39320,295184013,-63.3398,-105.085,296.746,33
39321,295196253,-67.7989,-90.1671,298.4,33
39322,295208692,-73.0381,-71.2226,299.79,33
39323,295220856,-78.6408,-50.3108,300.094,33
39324,295233154,-83.6716,-27.3137,298.876,33
39325,295245477,-88.4096,-0.758772,295.935,33
39326,295257780,-91.8298,25.8195,290.346,33
39327,295282399,-96.8998,81.0277,271.447,33
39328,295294654,-99.3869,99.8756,264.368,33
39329,295306940,-99.5288,116.98,253.341,34
39330,295319257,-100.826,131.561,244.829,34
39331,295331549,-102.123,141.702,237.186,34
39332,295343883,-102.917,150.561,230.306,34
39333,295368460,-105.985,159.422,225.097,34
39334,295380751,-106.926,160.111,224.573,34
39335,295393052,-108.203,159.712,225.013,34
39336,295405327,-109.882,159.523,225.905,34
39337,295417637,-111.484,158.648,227.425,34
39338,295429925,-112.361,156.523,229.212,34
39339,295454546,-112.994,148.536,233.867,34
39340,295466853,-112.453,143.85,236.119,34
39341,295479132,-111.723,136.872,239.261,34
39342,295491417,-110.585,129.263,242.209,34
39343,295503699,-109.793,121.279,246.779,34
39344,295516454,-109.186,113.991,251.229,34
39345,295528312,-109.139,107.851,256.698,34
39346,295540634,-108.577,95.1221,262.993,34
39347,295552916,-107.647,80.9343,269.144,34
39348,295565196,-107.468,67.537,276.481,34
39349,295602104,-99.0019,-20.6836,305.819,34
39350,295626701,-99.9536,-69.6932,312.233,34
39351,295639011,-100.409,-86.1349,317.323,34
39352,295651309,-96.4321,-115.904,317.898,34
39353,295663594,-94.1839,-139.728,321.816,34
39354,295675903,-89.9109,-163.338,322.281,34
39355,295688181,-85.1591,-186.845,321.548,34
39356,295700471,-79.8695,-209.12,321.349,35
39357,295712778,-75.2068,-226.898,318.248,35
39358,295725086,-71.8562,-235.276,317.308,35
39359,295737385,-67.5085,-239.704,312.598,35
39360,295749685,-62.8429,-237.047,307.481,35
39361,295761989,-57.7639,-230.668,300.654,35
39362,295774284,-53.3596,-223.74,293.603,35
39363,295798892,-44.3184,-204.755,281.942,35
39364,295811181,-42.2455,-199.798,279.548,35
39365,295823483,-41.2441,-193.748,277.699,35
39366,295835761,-40.9136,-188.603,276.192,35
39367,295848073,-41.9393,-184.301,277.063,35
39368,295860354,-43.3391,-180.08,278.427,35
39369,295872659,-44.969,-176.529,280.476,35
39370,295884958,-47.1292,-172.005,283.764,35
39371,295897279,-48.8049,-166.909,285.793,35
39372,295909571,-50.9398,-161.295,288.396,35
39373,295921886,-52.8068,-153.569,290.836,35
39374,295934167,-54.236,-146.999,293.254,35
39375,295946446,-56.4883,-139.268,296.541,35
39376,295958751,-58.7004,-127.314,297.507,35
39377,295971066,-61.5215,-113.216,299.338,35
39378,295983331,-64.5181,-96.0889,300.404,35
39379,295995639,-68.219,-75.3949,301.232,35
39380,296007946,-72.325,-51.7672,301.577,35
39381,296020214,-76.7816,-25.2157,300.258,35
39382,296032512,-80.9112,1.41856,297.961,35
39383,296044858,-84.8598,31.3905,293.771,35
39384,296057138,-87.4129,58.7783,287.177,35
39385,296069429,-89.0341,83.2687,278.95,35
39386,296081766,-89.7413,102.64,269.42,35
39387,296094007,-92.2246,118.371,261.742,36
39388,296106312,-93.9861,129.599,254.428,36
39389,296118609,-97.0439,137.628,249.268,36
39390,296130946,-100.236,142.988,246.845,36
39391,296143223,-102.584,145.229,245.886,36
39392,296155528,-104.661,146.352,245.927,36
39393,296167798,-105.641,145.802,246.64,36
39394,296180140,-106.622,145.201,247.306,36
39395,296192407,-107.748,143.833,248.525,36
39396,296204693,-108.239,142.013,249.543,36
39397,296217009,-108.371,140.244,250.689,36
39398,296229305,-108.015,137.354,252.77,36
39399,296241632,-106.574,133.607,254.811,36
39400,296253913,-104.334,129.06,256.503,36
39401,296266219,-102.029,124.431,258.106,36
39402,296278478,-99.6266,118.227,259.838,36
39403,296290817,-97.2428,111.113,262.049,36
39404,296303106,-95.2666,102.157,264.969,36
39405,296315387,-93.7042,92.2333,268.509,36
39406,296327670,-92.5836,81.115,273.17,36
39407,296340008,-92.6362,67.3021,278.92,36
39408,296352271,-92.1455,51.5146,284.965,36
39409,296364561,-92.0494,33.7239,291.276,36
39410,296376870,-91.1189,14.3581,297.475,36
39411,296389176,-89.3859,-6.37487,303.378,36
39412,296401509,-81.6202,-39.6594,307.34,36
39413,296413795,-80.7605,-64.6912,310.857,36
39414,296426095,-78.9316,-86.0709,315.011,36
39415,296438348,-77.2865,-103.221,319.489,36
39416,296450674,-74.6196,-124.952,321.418,36
39417,296462981,-70.7373,-150.373,320.741,36
39418,296475259,-59.7141,-181.532,314.678,37
39419,296487565,-57.3178,-206.86,311.124,37
39420,296499844,-53.5158,-224.681,307.591,37
39421,296512152,-50.3186,-237.1,304.179,37
39422,296524427,-48.6018,-243.439,301.904,37
39423,296536758,-46.4357,-247.109,298.319,37
39424,296549050,-44.7228,-246.416,296.182,37
39425,296561359,-42.3048,-241.937,293.321,37
39426,296573651,-39.8915,-233.856,289.76,37
39427,296585961,-37.6429,-225.512,285.272,37
39428,296598250,-35.6521,-217.413,281.847,37
39429,296610572,-33.8266,-209.269,278.811,37
39430,296622827,-32.9912,-199.598,276.064,37
39431,296635114,-32.7605,-190.136,275.541,37
39432,296647447,-33.3883,-181.557,276.062,37
39433,296659757,-34.4343,-172.54,278.145,37
39434,296672056,-36.0339,-161.864,279.659,37
39435,296684353,-38.5214,-150.91,282.662,37
39436,296696607,-41.1435,-139.438,285.64,37
39437,296708917,-44.6999,-126.295,288.419,37
39438,296721265,-48.5926,-112.56,291.94,37
39439,296733521,-52.3071,-97.8008,294.63,37
39440,296745807,-56.7002,-81.1887,296.502,37
39441,296758103,-61.2263,-62.8847,297.371,37
39442,296770450,-66.0682,-43.3182,297.695,37
39443,296782702,-70.2352,-22.6519,296.702,37
39444,296795052,-74.7897,-1.69595,295.653,37
39445,296807313,-79.0324,20.9157,293.529,37
39446,296819605,-83.2206,42.9603,289.763,37
39447,296831894,-86.4784,66.0021,285.326,37
39448,296844230,-88.4404,86.1372,278.532,37
39449,296856512,-89.3392,104.448,269.147,37
39450,296868813,-90.4364,118.142,263.541,37
39451,296881110,-91.9171,129.299,255.544,38
39452,296893396,-92.165,137.736,248.5,38
39453,296905720,-93.2464,143.931,242.939,38
39454,296917975,-94.5077,147.988,239.415,38
39455,296930328,-96.607,150.247,238.952,38
39456,296942551,-99.0097,150.682,240.095,38
39457,296954894,-100.685,150.615,240.72,38
39458,296967168,-102.393,149.513,241.853,38
39459,296979471,-103.676,148.332,242.59,38
39460,296991751,-104.531,146.923,243.238,38
39461,297004048,-106.074,143.381,245.913,38
39462,297016370,-106.6,139.035,246.416,38
39463,297028669,-107.169,134.126,248.735,38
39464,297040954,-106.812,129.118,250.323,38
39465,297053263,-106.077,124.404,251.703,38
39466,297065565,-105.11,117.983,253.68,38
39467,297077889,-103.469,110.949,256.018,38
39468,297090147,-102.134,101.657,259.244,38
39469,297102439,-100.33,91.2553,262.409,38
39470,297114737,-98.744,79.6387,265.653,38
39471,297127038,-96.7611,67.0348,269.169,38
39472,297163961,-84.0594,2.42999,291.174,38
39473,297176219,-83.9038,-6.95218,291.578,38
39474,297188521,-81.7144,-20.9433,294.841,38
39475,297200830,-74.589,-49.5297,297.54,38
39476,297213131,-71.7348,-70.9763,297.062,38
39477,297225445,-67.1739,-91.0624,298.622,38
39478,297237772,-62.6816,-113.194,298.892,38
39479,297250044,-57.4059,-136.141,298.657,38
39480,297262299,-52.064,-160.716,296.88,38
39481,297274606,-46.4429,-184.119,293.665,38
39482,297286916,-42.565,-205.463,289.701,39
39483,297299257,-39.557,-223.357,286.779,39
39484,297311522,-37.6439,-233.284,283.773,39
39485,297323848,-34.2994,-238.653,280.515,39
39486,297336107,-30.66,-238.769,276.828,39
39487,297348472,-27.0828,-236.239,272.157,39
39488,297360731,-23.3845,-231.92,267.311,39
39489,297373039,-19.8245,-227.152,263.094,39
39490,297385300,-17.941,-222.547,260.81,39
39491,297397605,-15.5299,-216.9,258.853,39
39492,297409933,-13.4006,-210.193,259.351,39
39493,297422207,-12.7896,-203.816,261.307,39
39494,297434507,-12.4603,-196.731,263.517,39
39495,297446853,-13.2336,-190.286,267.326,39
39496,297459104,-14.8186,-183.3,272.561,39
39497,297471389,-17.3181,-174.972,276.439,39
39498,297483716,-20.8416,-165.994,280.299,39
39499,297496033,-24.2965,-155.533,283.628,39
39500,297508288,-27.651,-145.275,287.062,39
39501,297520600,-31.6617,-133.251,290.267,39
39502,297532899,-36.3572,-120.424,293.054,39
39503,297545176,-41.4099,-105.87,295.742,39
39504,297557506,-47.3052,-88.5975,298.348,39
39505,297569795,-53.4273,-70.77,299.636,39
39506,297582074,-59.7128,-51.32,300.15,39
39507,297594391,-66.0672,-29.4119,299.965,39
39508,297606694,-72.2813,-6.03373,298.895,39
39509,297618979,-77.8187,17.5649,295.85,39
39510,297631274,-82.1882,40.3738,290.687,39
39511,297643568,-85.8275,62.3697,285.431,39
39512,297655871,-89.3027,84.7819,279.285,39
39513,297668212,-90.4123,105.009,270.891,39
39514,297692789,-88.4678,135.589,246.451,40
39515,297705065,-89.0823,145.405,239.69,40
39516,297717377,-90.3221,152.627,234.622,40
39517,297729667,-92.2018,158.643,231.504,40
39518,297741943,-94.8598,163.545,229.184,40
39519,297754299,-98.1869,165.74,229.377,40
39520,297766561,-100.78,165.886,230.484,40
39521,297778879,-103.458,164.917,232.488,40
39522,297791170,-105.062,163.103,233.556,40
39523,297803452,-108.571,158.889,238.059,40
39524,297815751,-109.618,154.3,240.022,40
39525,297828030,-110.742,148.237,243.093,40
39526,297840346,-111.481,141.419,247.416,40
39527,297852648,-111.671,133.618,251.122,40
39528,297864937,-111.098,123.748,255.619,40
39529,297877235,-110.422,112.31,260.253,40
39530,297889543,-109.22,100.393,265.01,40
39531,297901798,-107.415,86.0837,269.753,40
39532,297914118,-104.652,70.2719,274.169,40
39533,297926447,-101.965,52.4709,278.601,40
39534,297938722,-99.0662,37.459,283.218,40
39535,297951000,-96.9949,28.3144,289.283,40
39536,297963350,-88.33,-3.29786,294.963,40
39537,297975639,-84.027,-25.5709,297.396,40
39538,297987914,-80.0329,-45.4653,300.4,40
39539,298000201,-75.3301,-66.9814,303.058,40
39540,298012519,-64.6459,-102.266,301.892,40
39541,298024834,-59.9925,-123.62,301.935,40
39542,298037095,-57.4603,-144.456,303.862,40
39543,298049395,-54.9607,-157.131,305.547,40
39544,298061711,-42.4263,-188.956,299.882,40
39545,298074009,-37.1916,-208.836,293.313,40
39546,298086324,-32.5558,-225.437,289.806,40
39547,298098575,-28.2363,-241.891,286.195,40
39548,298110907,-26.3808,-248.959,284.644,41
39549,298123207,-20.6866,-255.94,281.277,41
39550,298135477,-15.6602,-261.63,278.703,41
39551,298147771,-11.2075,-263.563,274.438,41
39552,298160089,-5.57451,-264.789,268.698,41
39553,298172373,-1.60738,-263.528,263.173,41
39554,298184694,1.95432,-261.589,258.396,41
39555,298196999,4.81128,-260.076,254.216,41
39556,298209265,7.16337,-258.418,251.177,41
39557,298221593,8.02961,-256.163,250.022,41
39558,298233872,8.40875,-252.754,250.025,41
39559,298246157,8.27014,-248.991,251.57,41
39560,298258449,6.92804,-244.839,254.487,41
39561,298270765,3.61265,-239.381,258.824,41
39562,298295399,-2.11181,-224.76,268.108,41
39563,298307676,-4.20726,-217.898,270.505,41
39564,298319968,-6.72215,-210.242,273.467,41
39565,298332284,-10.5059,-200.089,277.424,41
39566,298344553,-14.4913,-188.27,280.407,41
39567,298356873,-18.5106,-175.245,283.806,41
39568,298369164,-22.5617,-159.189,285.871,41
39569,298381448,-26.8623,-140.822,288.379,41
39570,298393769,-31.7577,-120.691,290.015,41
39571,298406058,-36.6998,-97.8726,290.217,41
39572,298418343,-41.1427,-73.9009,289.458,41
39573,298430678,-46.0327,-48.3554,288.166,41
39574,298442957,-51.225,-20.0253,286.689,41
39575,298455270,-56.3592,11.1684,284.563,41
39576,298467543,-60.646,41.9798,280.055,41
39577,298479841,-62.2474,73.2752,270.892,41
39578,298492136,-62.5951,102.454,259.893,41
39579,298504462,-61.1399,124.87,245.34,41
39580,298516725,-59.8911,140.99,231.738,42
39581,298529062,-59.2535,153.314,221.706,42
39582,298541293,-60.6511,162.781,215.842,42
39583,298553631,-62.4735,169.805,213.298,42
39584,298565911,-64.5599,172.263,212.848,42
39585,298578187,-67.1886,173.17,215.849,42
39586,298590531,-71.3425,173.158,221.942,42
39587,298602804,-76.1746,171.702,231.444,42
39588,298615104,-79.7793,167.934,236.97,42
39589,298627388,-82.9997,161.732,241.905,42
39590,298639732,-86.4891,152.896,247.196,42
39591,298652002,-89.352,142.479,253.825,42
39592,298664288,-91.9362,130.268,259.138,42
39593,298676624,-93.204,115.315,263.331,42
39594,298688880,-94.0226,99.7522,267.399,42
39595,298725804,-88.9058,30.8531,283.265,42
39596,298738116,-90.5451,21.5111,283.1,42
39597,298750438,-93.1238,10.5287,284.438,42
